<profile>

<ReportVersion>
<Version>2020.1</Version>
</ReportVersion>

<UserAssignments>
<unit>ns</unit>
<ProductFamily>zynq</ProductFamily>
<Part>xc7z020-clg400-1</Part>
<TopModelName>QuantumMonteCarlo</TopModelName>
<TargetClockPeriod>10.00</TargetClockPeriod>
<ClockUncertainty>1.25</ClockUncertainty>
</UserAssignments>

<PerformanceEstimates>
<PipelineType>none</PipelineType>
<SummaryOfTimingAnalysis>
<unit>ns</unit>
<EstimatedClockPeriod>8.234</EstimatedClockPeriod>
</SummaryOfTimingAnalysis>
<SummaryOfOverallLatency>
<unit>clock cycles</unit>
<Best-caseLatency>40</Best-caseLatency>
<Average-caseLatency>14762011</Average-caseLatency>
<Worst-caseLatency>117768235</Worst-caseLatency>
<Best-caseRealTimeLatency>0.400 us</Best-caseRealTimeLatency>
<Average-caseRealTimeLatency>0.148 sec</Average-caseRealTimeLatency>
<Worst-caseRealTimeLatency>1.178 sec</Worst-caseRealTimeLatency>
<Interval-min>41</Interval-min>
<Interval-max>117768236</Interval-max>
</SummaryOfOverallLatency>
</PerformanceEstimates>

<AreaEstimates>
<Resources>
<BRAM_18K>2090</BRAM_18K>
<DSP48E>7</DSP48E>
<FF>2036</FF>
<LUT>3416</LUT>
<URAM>0</URAM>
</Resources>
<AvailableResources>
<BRAM_18K>280</BRAM_18K>
<DSP48E>220</DSP48E>
<FF>106400</FF>
<LUT>53200</LUT>
<URAM>0</URAM>
</AvailableResources>
</AreaEstimates>

<InterfaceSummary>
<RtlPorts>
<name>s_axi_AXILiteS_AWVALID</name>
<Object>AXILiteS</Object>
<Type>array</Type>
<Scope></Scope>
<IOProtocol>s_axi</IOProtocol>
<IOConfig></IOConfig>
<Dir>in</Dir>
<Bits>1</Bits>
<Attribute>unknown</Attribute>
<CType>float</CType>
<HasCtrl>1</HasCtrl>
</RtlPorts>
<RtlPorts>
<name>s_axi_AXILiteS_AWREADY</name>
<Object>AXILiteS</Object>
<Type>array</Type>
<Scope></Scope>
<IOProtocol>s_axi</IOProtocol>
<IOConfig></IOConfig>
<Dir>out</Dir>
<Bits>1</Bits>
<Attribute>unknown</Attribute>
<CType>float</CType>
<HasCtrl>1</HasCtrl>
</RtlPorts>
<RtlPorts>
<name>s_axi_AXILiteS_AWADDR</name>
<Object>AXILiteS</Object>
<Type>array</Type>
<Scope></Scope>
<IOProtocol>s_axi</IOProtocol>
<IOConfig></IOConfig>
<Dir>in</Dir>
<Bits>24</Bits>
<Attribute>unknown</Attribute>
<CType>float</CType>
<HasCtrl>1</HasCtrl>
</RtlPorts>
<RtlPorts>
<name>s_axi_AXILiteS_WVALID</name>
<Object>AXILiteS</Object>
<Type>array</Type>
<Scope></Scope>
<IOProtocol>s_axi</IOProtocol>
<IOConfig></IOConfig>
<Dir>in</Dir>
<Bits>1</Bits>
<Attribute>unknown</Attribute>
<CType>float</CType>
<HasCtrl>1</HasCtrl>
</RtlPorts>
<RtlPorts>
<name>s_axi_AXILiteS_WREADY</name>
<Object>AXILiteS</Object>
<Type>array</Type>
<Scope></Scope>
<IOProtocol>s_axi</IOProtocol>
<IOConfig></IOConfig>
<Dir>out</Dir>
<Bits>1</Bits>
<Attribute>unknown</Attribute>
<CType>float</CType>
<HasCtrl>1</HasCtrl>
</RtlPorts>
<RtlPorts>
<name>s_axi_AXILiteS_WDATA</name>
<Object>AXILiteS</Object>
<Type>array</Type>
<Scope></Scope>
<IOProtocol>s_axi</IOProtocol>
<IOConfig></IOConfig>
<Dir>in</Dir>
<Bits>32</Bits>
<Attribute>unknown</Attribute>
<CType>float</CType>
<HasCtrl>1</HasCtrl>
</RtlPorts>
<RtlPorts>
<name>s_axi_AXILiteS_WSTRB</name>
<Object>AXILiteS</Object>
<Type>array</Type>
<Scope></Scope>
<IOProtocol>s_axi</IOProtocol>
<IOConfig></IOConfig>
<Dir>in</Dir>
<Bits>4</Bits>
<Attribute>unknown</Attribute>
<CType>float</CType>
<HasCtrl>1</HasCtrl>
</RtlPorts>
<RtlPorts>
<name>s_axi_AXILiteS_ARVALID</name>
<Object>AXILiteS</Object>
<Type>array</Type>
<Scope></Scope>
<IOProtocol>s_axi</IOProtocol>
<IOConfig></IOConfig>
<Dir>in</Dir>
<Bits>1</Bits>
<Attribute>unknown</Attribute>
<CType>float</CType>
<HasCtrl>1</HasCtrl>
</RtlPorts>
<RtlPorts>
<name>s_axi_AXILiteS_ARREADY</name>
<Object>AXILiteS</Object>
<Type>array</Type>
<Scope></Scope>
<IOProtocol>s_axi</IOProtocol>
<IOConfig></IOConfig>
<Dir>out</Dir>
<Bits>1</Bits>
<Attribute>unknown</Attribute>
<CType>float</CType>
<HasCtrl>1</HasCtrl>
</RtlPorts>
<RtlPorts>
<name>s_axi_AXILiteS_ARADDR</name>
<Object>AXILiteS</Object>
<Type>array</Type>
<Scope></Scope>
<IOProtocol>s_axi</IOProtocol>
<IOConfig></IOConfig>
<Dir>in</Dir>
<Bits>24</Bits>
<Attribute>unknown</Attribute>
<CType>float</CType>
<HasCtrl>1</HasCtrl>
</RtlPorts>
<RtlPorts>
<name>s_axi_AXILiteS_RVALID</name>
<Object>AXILiteS</Object>
<Type>array</Type>
<Scope></Scope>
<IOProtocol>s_axi</IOProtocol>
<IOConfig></IOConfig>
<Dir>out</Dir>
<Bits>1</Bits>
<Attribute>unknown</Attribute>
<CType>float</CType>
<HasCtrl>1</HasCtrl>
</RtlPorts>
<RtlPorts>
<name>s_axi_AXILiteS_RREADY</name>
<Object>AXILiteS</Object>
<Type>array</Type>
<Scope></Scope>
<IOProtocol>s_axi</IOProtocol>
<IOConfig></IOConfig>
<Dir>in</Dir>
<Bits>1</Bits>
<Attribute>unknown</Attribute>
<CType>float</CType>
<HasCtrl>1</HasCtrl>
</RtlPorts>
<RtlPorts>
<name>s_axi_AXILiteS_RDATA</name>
<Object>AXILiteS</Object>
<Type>array</Type>
<Scope></Scope>
<IOProtocol>s_axi</IOProtocol>
<IOConfig></IOConfig>
<Dir>out</Dir>
<Bits>32</Bits>
<Attribute>unknown</Attribute>
<CType>float</CType>
<HasCtrl>1</HasCtrl>
</RtlPorts>
<RtlPorts>
<name>s_axi_AXILiteS_RRESP</name>
<Object>AXILiteS</Object>
<Type>array</Type>
<Scope></Scope>
<IOProtocol>s_axi</IOProtocol>
<IOConfig></IOConfig>
<Dir>out</Dir>
<Bits>2</Bits>
<Attribute>unknown</Attribute>
<CType>float</CType>
<HasCtrl>1</HasCtrl>
</RtlPorts>
<RtlPorts>
<name>s_axi_AXILiteS_BVALID</name>
<Object>AXILiteS</Object>
<Type>array</Type>
<Scope></Scope>
<IOProtocol>s_axi</IOProtocol>
<IOConfig></IOConfig>
<Dir>out</Dir>
<Bits>1</Bits>
<Attribute>unknown</Attribute>
<CType>float</CType>
<HasCtrl>1</HasCtrl>
</RtlPorts>
<RtlPorts>
<name>s_axi_AXILiteS_BREADY</name>
<Object>AXILiteS</Object>
<Type>array</Type>
<Scope></Scope>
<IOProtocol>s_axi</IOProtocol>
<IOConfig></IOConfig>
<Dir>in</Dir>
<Bits>1</Bits>
<Attribute>unknown</Attribute>
<CType>float</CType>
<HasCtrl>1</HasCtrl>
</RtlPorts>
<RtlPorts>
<name>s_axi_AXILiteS_BRESP</name>
<Object>AXILiteS</Object>
<Type>array</Type>
<Scope></Scope>
<IOProtocol>s_axi</IOProtocol>
<IOConfig></IOConfig>
<Dir>out</Dir>
<Bits>2</Bits>
<Attribute>unknown</Attribute>
<CType>float</CType>
<HasCtrl>1</HasCtrl>
</RtlPorts>
<RtlPorts>
<name>ap_clk</name>
<Object>QuantumMonteCarlo</Object>
<Type>return value</Type>
<Scope></Scope>
<IOProtocol>ap_ctrl_hs</IOProtocol>
<IOConfig></IOConfig>
<Dir>in</Dir>
<Bits>1</Bits>
<Attribute>control</Attribute>
</RtlPorts>
<RtlPorts>
<name>ap_rst_n</name>
<Object>QuantumMonteCarlo</Object>
<Type>return value</Type>
<Scope></Scope>
<IOProtocol>ap_ctrl_hs</IOProtocol>
<IOConfig></IOConfig>
<Dir>in</Dir>
<Bits>1</Bits>
<Attribute>control</Attribute>
</RtlPorts>
<RtlPorts>
<name>interrupt</name>
<Object>QuantumMonteCarlo</Object>
<Type>return value</Type>
<Scope></Scope>
<IOProtocol>ap_ctrl_hs</IOProtocol>
<IOConfig></IOConfig>
<Dir>out</Dir>
<Bits>1</Bits>
<Attribute>unknown</Attribute>
</RtlPorts>
</InterfaceSummary>

</profile>
