<profile>

<RTLDesignHierarchy>
<TopModule>
<ModuleName>compute_matrices</ModuleName>
</TopModule>
</RTLDesignHierarchy>

<ModuleInformation>
<Module>
<Name>compute_matrices</Name>
<PerformanceEstimates>
<SummaryOfTimingAnalysis>
<TargetClockPeriod>10.00</TargetClockPeriod>
<ClockUncertainty>1.25</ClockUncertainty>
<EstimatedClockPeriod>8.750</EstimatedClockPeriod>
</SummaryOfTimingAnalysis>
<SummaryOfOverallLatency>
<Best-caseLatency>231</Best-caseLatency>
<Average-caseLatency>231</Average-caseLatency>
<Worst-caseLatency>231</Worst-caseLatency>
<Best-caseRealTimeLatency>2.310 us</Best-caseRealTimeLatency>
<Average-caseRealTimeLatency>2.310 us</Average-caseRealTimeLatency>
<Worst-caseRealTimeLatency>2.310 us</Worst-caseRealTimeLatency>
<PipelineInitiationInterval>232</PipelineInitiationInterval>
<PipelineType>none</PipelineType>
</SummaryOfOverallLatency>
<SummaryOfLoopLatency>
<memcpy.string1.V.addr.string1_g.V>
<Name>memcpy.string1.V.addr.string1_g.V</Name>
<TripCount>2</TripCount>
<Latency>3</Latency>
<PipelineII>1</PipelineII>
<PipelineDepth>3</PipelineDepth>
</memcpy.string1.V.addr.string1_g.V>
<memcpy.string2.V.addr.string2_g.V>
<Name>memcpy.string2.V.addr.string2_g.V</Name>
<TripCount>6</TripCount>
<Latency>7</Latency>
<PipelineII>1</PipelineII>
<PipelineDepth>3</PipelineDepth>
</memcpy.string2.V.addr.string2_g.V>
<init_dep_for>
<Name>init_dep_for</Name>
<TripCount>33</TripCount>
<Latency>33</Latency>
<PipelineII>1</PipelineII>
<PipelineDepth>1</PipelineDepth>
</init_dep_for>
<num_diag_for>
<Name>num_diag_for</Name>
<TripCount>159</TripCount>
<Latency>162</Latency>
<PipelineII>1</PipelineII>
<PipelineDepth>5</PipelineDepth>
</num_diag_for>
</SummaryOfLoopLatency>
</PerformanceEstimates>
<AreaEstimates>
<Resources>
<BRAM_18K>8</BRAM_18K>
<FF>7194</FF>
<LUT>29268</LUT>
<URAM>0</URAM>
<DSP48E>0</DSP48E>
</Resources>
</AreaEstimates>
<InterfaceSummary>
<RtlPorts>
<name>s_axi_control_AWVALID</name>
<Object>control</Object>
<Type>scalar</Type>
<Scope></Scope>
<IOProtocol>s_axi</IOProtocol>
<IOConfig></IOConfig>
<Dir>in</Dir>
<Bits>1</Bits>
<Attribute>unknown</Attribute>
<CType>int</CType>
<HasCtrl>1</HasCtrl>
</RtlPorts>
<RtlPorts>
<name>s_axi_control_AWREADY</name>
<Object>control</Object>
<Type>scalar</Type>
<Scope></Scope>
<IOProtocol>s_axi</IOProtocol>
<IOConfig></IOConfig>
<Dir>out</Dir>
<Bits>1</Bits>
<Attribute>unknown</Attribute>
<CType>int</CType>
<HasCtrl>1</HasCtrl>
</RtlPorts>
<RtlPorts>
<name>s_axi_control_AWADDR</name>
<Object>control</Object>
<Type>scalar</Type>
<Scope></Scope>
<IOProtocol>s_axi</IOProtocol>
<IOConfig></IOConfig>
<Dir>in</Dir>
<Bits>6</Bits>
<Attribute>unknown</Attribute>
<CType>int</CType>
<HasCtrl>1</HasCtrl>
</RtlPorts>
<RtlPorts>
<name>s_axi_control_WVALID</name>
<Object>control</Object>
<Type>scalar</Type>
<Scope></Scope>
<IOProtocol>s_axi</IOProtocol>
<IOConfig></IOConfig>
<Dir>in</Dir>
<Bits>1</Bits>
<Attribute>unknown</Attribute>
<CType>int</CType>
<HasCtrl>1</HasCtrl>
</RtlPorts>
<RtlPorts>
<name>s_axi_control_WREADY</name>
<Object>control</Object>
<Type>scalar</Type>
<Scope></Scope>
<IOProtocol>s_axi</IOProtocol>
<IOConfig></IOConfig>
<Dir>out</Dir>
<Bits>1</Bits>
<Attribute>unknown</Attribute>
<CType>int</CType>
<HasCtrl>1</HasCtrl>
</RtlPorts>
<RtlPorts>
<name>s_axi_control_WDATA</name>
<Object>control</Object>
<Type>scalar</Type>
<Scope></Scope>
<IOProtocol>s_axi</IOProtocol>
<IOConfig></IOConfig>
<Dir>in</Dir>
<Bits>32</Bits>
<Attribute>unknown</Attribute>
<CType>int</CType>
<HasCtrl>1</HasCtrl>
</RtlPorts>
<RtlPorts>
<name>s_axi_control_WSTRB</name>
<Object>control</Object>
<Type>scalar</Type>
<Scope></Scope>
<IOProtocol>s_axi</IOProtocol>
<IOConfig></IOConfig>
<Dir>in</Dir>
<Bits>4</Bits>
<Attribute>unknown</Attribute>
<CType>int</CType>
<HasCtrl>1</HasCtrl>
</RtlPorts>
<RtlPorts>
<name>s_axi_control_ARVALID</name>
<Object>control</Object>
<Type>scalar</Type>
<Scope></Scope>
<IOProtocol>s_axi</IOProtocol>
<IOConfig></IOConfig>
<Dir>in</Dir>
<Bits>1</Bits>
<Attribute>unknown</Attribute>
<CType>int</CType>
<HasCtrl>1</HasCtrl>
</RtlPorts>
<RtlPorts>
<name>s_axi_control_ARREADY</name>
<Object>control</Object>
<Type>scalar</Type>
<Scope></Scope>
<IOProtocol>s_axi</IOProtocol>
<IOConfig></IOConfig>
<Dir>out</Dir>
<Bits>1</Bits>
<Attribute>unknown</Attribute>
<CType>int</CType>
<HasCtrl>1</HasCtrl>
</RtlPorts>
<RtlPorts>
<name>s_axi_control_ARADDR</name>
<Object>control</Object>
<Type>scalar</Type>
<Scope></Scope>
<IOProtocol>s_axi</IOProtocol>
<IOConfig></IOConfig>
<Dir>in</Dir>
<Bits>6</Bits>
<Attribute>unknown</Attribute>
<CType>int</CType>
<HasCtrl>1</HasCtrl>
</RtlPorts>
<RtlPorts>
<name>s_axi_control_RVALID</name>
<Object>control</Object>
<Type>scalar</Type>
<Scope></Scope>
<IOProtocol>s_axi</IOProtocol>
<IOConfig></IOConfig>
<Dir>out</Dir>
<Bits>1</Bits>
<Attribute>unknown</Attribute>
<CType>int</CType>
<HasCtrl>1</HasCtrl>
</RtlPorts>
<RtlPorts>
<name>s_axi_control_RREADY</name>
<Object>control</Object>
<Type>scalar</Type>
<Scope></Scope>
<IOProtocol>s_axi</IOProtocol>
<IOConfig></IOConfig>
<Dir>in</Dir>
<Bits>1</Bits>
<Attribute>unknown</Attribute>
<CType>int</CType>
<HasCtrl>1</HasCtrl>
</RtlPorts>
<RtlPorts>
<name>s_axi_control_RDATA</name>
<Object>control</Object>
<Type>scalar</Type>
<Scope></Scope>
<IOProtocol>s_axi</IOProtocol>
<IOConfig></IOConfig>
<Dir>out</Dir>
<Bits>32</Bits>
<Attribute>unknown</Attribute>
<CType>int</CType>
<HasCtrl>1</HasCtrl>
</RtlPorts>
<RtlPorts>
<name>s_axi_control_RRESP</name>
<Object>control</Object>
<Type>scalar</Type>
<Scope></Scope>
<IOProtocol>s_axi</IOProtocol>
<IOConfig></IOConfig>
<Dir>out</Dir>
<Bits>2</Bits>
<Attribute>unknown</Attribute>
<CType>int</CType>
<HasCtrl>1</HasCtrl>
</RtlPorts>
<RtlPorts>
<name>s_axi_control_BVALID</name>
<Object>control</Object>
<Type>scalar</Type>
<Scope></Scope>
<IOProtocol>s_axi</IOProtocol>
<IOConfig></IOConfig>
<Dir>out</Dir>
<Bits>1</Bits>
<Attribute>unknown</Attribute>
<CType>int</CType>
<HasCtrl>1</HasCtrl>
</RtlPorts>
<RtlPorts>
<name>s_axi_control_BREADY</name>
<Object>control</Object>
<Type>scalar</Type>
<Scope></Scope>
<IOProtocol>s_axi</IOProtocol>
<IOConfig></IOConfig>
<Dir>in</Dir>
<Bits>1</Bits>
<Attribute>unknown</Attribute>
<CType>int</CType>
<HasCtrl>1</HasCtrl>
</RtlPorts>
<RtlPorts>
<name>s_axi_control_BRESP</name>
<Object>control</Object>
<Type>scalar</Type>
<Scope></Scope>
<IOProtocol>s_axi</IOProtocol>
<IOConfig></IOConfig>
<Dir>out</Dir>
<Bits>2</Bits>
<Attribute>unknown</Attribute>
<CType>int</CType>
<HasCtrl>1</HasCtrl>
</RtlPorts>
<RtlPorts>
<name>ap_clk</name>
<Object>compute_matrices</Object>
<Type>return value</Type>
<Scope></Scope>
<IOProtocol>ap_ctrl_hs</IOProtocol>
<IOConfig></IOConfig>
<Dir>in</Dir>
<Bits>1</Bits>
<Attribute>control</Attribute>
</RtlPorts>
<RtlPorts>
<name>ap_rst_n</name>
<Object>compute_matrices</Object>
<Type>return value</Type>
<Scope></Scope>
<IOProtocol>ap_ctrl_hs</IOProtocol>
<IOConfig></IOConfig>
<Dir>in</Dir>
<Bits>1</Bits>
<Attribute>control</Attribute>
</RtlPorts>
<RtlPorts>
<name>interrupt</name>
<Object>compute_matrices</Object>
<Type>return value</Type>
<Scope></Scope>
<IOProtocol>ap_ctrl_hs</IOProtocol>
<IOConfig></IOConfig>
<Dir>out</Dir>
<Bits>1</Bits>
<Attribute>unknown</Attribute>
</RtlPorts>
<RtlPorts>
<name>m_axi_gmem0_AWVALID</name>
<Object>gmem0</Object>
<Type>pointer</Type>
<Scope></Scope>
<IOProtocol>m_axi</IOProtocol>
<IOConfig></IOConfig>
<Dir>out</Dir>
<Bits>1</Bits>
<Attribute>unknown</Attribute>
<CType>int</CType>
</RtlPorts>
<RtlPorts>
<name>m_axi_gmem0_AWREADY</name>
<Object>gmem0</Object>
<Type>pointer</Type>
<Scope></Scope>
<IOProtocol>m_axi</IOProtocol>
<IOConfig></IOConfig>
<Dir>in</Dir>
<Bits>1</Bits>
<Attribute>unknown</Attribute>
<CType>int</CType>
</RtlPorts>
<RtlPorts>
<name>m_axi_gmem0_AWADDR</name>
<Object>gmem0</Object>
<Type>pointer</Type>
<Scope></Scope>
<IOProtocol>m_axi</IOProtocol>
<IOConfig></IOConfig>
<Dir>out</Dir>
<Bits>32</Bits>
<Attribute>unknown</Attribute>
<CType>int</CType>
</RtlPorts>
<RtlPorts>
<name>m_axi_gmem0_AWID</name>
<Object>gmem0</Object>
<Type>pointer</Type>
<Scope></Scope>
<IOProtocol>m_axi</IOProtocol>
<IOConfig></IOConfig>
<Dir>out</Dir>
<Bits>1</Bits>
<Attribute>unknown</Attribute>
<CType>int</CType>
</RtlPorts>
<RtlPorts>
<name>m_axi_gmem0_AWLEN</name>
<Object>gmem0</Object>
<Type>pointer</Type>
<Scope></Scope>
<IOProtocol>m_axi</IOProtocol>
<IOConfig></IOConfig>
<Dir>out</Dir>
<Bits>8</Bits>
<Attribute>unknown</Attribute>
<CType>int</CType>
</RtlPorts>
<RtlPorts>
<name>m_axi_gmem0_AWSIZE</name>
<Object>gmem0</Object>
<Type>pointer</Type>
<Scope></Scope>
<IOProtocol>m_axi</IOProtocol>
<IOConfig></IOConfig>
<Dir>out</Dir>
<Bits>3</Bits>
<Attribute>unknown</Attribute>
<CType>int</CType>
</RtlPorts>
<RtlPorts>
<name>m_axi_gmem0_AWBURST</name>
<Object>gmem0</Object>
<Type>pointer</Type>
<Scope></Scope>
<IOProtocol>m_axi</IOProtocol>
<IOConfig></IOConfig>
<Dir>out</Dir>
<Bits>2</Bits>
<Attribute>unknown</Attribute>
<CType>int</CType>
</RtlPorts>
<RtlPorts>
<name>m_axi_gmem0_AWLOCK</name>
<Object>gmem0</Object>
<Type>pointer</Type>
<Scope></Scope>
<IOProtocol>m_axi</IOProtocol>
<IOConfig></IOConfig>
<Dir>out</Dir>
<Bits>2</Bits>
<Attribute>unknown</Attribute>
<CType>int</CType>
</RtlPorts>
<RtlPorts>
<name>m_axi_gmem0_AWCACHE</name>
<Object>gmem0</Object>
<Type>pointer</Type>
<Scope></Scope>
<IOProtocol>m_axi</IOProtocol>
<IOConfig></IOConfig>
<Dir>out</Dir>
<Bits>4</Bits>
<Attribute>unknown</Attribute>
<CType>int</CType>
</RtlPorts>
<RtlPorts>
<name>m_axi_gmem0_AWPROT</name>
<Object>gmem0</Object>
<Type>pointer</Type>
<Scope></Scope>
<IOProtocol>m_axi</IOProtocol>
<IOConfig></IOConfig>
<Dir>out</Dir>
<Bits>3</Bits>
<Attribute>unknown</Attribute>
<CType>int</CType>
</RtlPorts>
<RtlPorts>
<name>m_axi_gmem0_AWQOS</name>
<Object>gmem0</Object>
<Type>pointer</Type>
<Scope></Scope>
<IOProtocol>m_axi</IOProtocol>
<IOConfig></IOConfig>
<Dir>out</Dir>
<Bits>4</Bits>
<Attribute>unknown</Attribute>
<CType>int</CType>
</RtlPorts>
<RtlPorts>
<name>m_axi_gmem0_AWREGION</name>
<Object>gmem0</Object>
<Type>pointer</Type>
<Scope></Scope>
<IOProtocol>m_axi</IOProtocol>
<IOConfig></IOConfig>
<Dir>out</Dir>
<Bits>4</Bits>
<Attribute>unknown</Attribute>
<CType>int</CType>
</RtlPorts>
<RtlPorts>
<name>m_axi_gmem0_AWUSER</name>
<Object>gmem0</Object>
<Type>pointer</Type>
<Scope></Scope>
<IOProtocol>m_axi</IOProtocol>
<IOConfig></IOConfig>
<Dir>out</Dir>
<Bits>1</Bits>
<Attribute>unknown</Attribute>
<CType>int</CType>
</RtlPorts>
<RtlPorts>
<name>m_axi_gmem0_WVALID</name>
<Object>gmem0</Object>
<Type>pointer</Type>
<Scope></Scope>
<IOProtocol>m_axi</IOProtocol>
<IOConfig></IOConfig>
<Dir>out</Dir>
<Bits>1</Bits>
<Attribute>unknown</Attribute>
<CType>int</CType>
</RtlPorts>
<RtlPorts>
<name>m_axi_gmem0_WREADY</name>
<Object>gmem0</Object>
<Type>pointer</Type>
<Scope></Scope>
<IOProtocol>m_axi</IOProtocol>
<IOConfig></IOConfig>
<Dir>in</Dir>
<Bits>1</Bits>
<Attribute>unknown</Attribute>
<CType>int</CType>
</RtlPorts>
<RtlPorts>
<name>m_axi_gmem0_WDATA</name>
<Object>gmem0</Object>
<Type>pointer</Type>
<Scope></Scope>
<IOProtocol>m_axi</IOProtocol>
<IOConfig></IOConfig>
<Dir>out</Dir>
<Bits>64</Bits>
<Attribute>unknown</Attribute>
<CType>int</CType>
</RtlPorts>
<RtlPorts>
<name>m_axi_gmem0_WSTRB</name>
<Object>gmem0</Object>
<Type>pointer</Type>
<Scope></Scope>
<IOProtocol>m_axi</IOProtocol>
<IOConfig></IOConfig>
<Dir>out</Dir>
<Bits>8</Bits>
<Attribute>unknown</Attribute>
<CType>int</CType>
</RtlPorts>
<RtlPorts>
<name>m_axi_gmem0_WLAST</name>
<Object>gmem0</Object>
<Type>pointer</Type>
<Scope></Scope>
<IOProtocol>m_axi</IOProtocol>
<IOConfig></IOConfig>
<Dir>out</Dir>
<Bits>1</Bits>
<Attribute>unknown</Attribute>
<CType>int</CType>
</RtlPorts>
<RtlPorts>
<name>m_axi_gmem0_WID</name>
<Object>gmem0</Object>
<Type>pointer</Type>
<Scope></Scope>
<IOProtocol>m_axi</IOProtocol>
<IOConfig></IOConfig>
<Dir>out</Dir>
<Bits>1</Bits>
<Attribute>unknown</Attribute>
<CType>int</CType>
</RtlPorts>
<RtlPorts>
<name>m_axi_gmem0_WUSER</name>
<Object>gmem0</Object>
<Type>pointer</Type>
<Scope></Scope>
<IOProtocol>m_axi</IOProtocol>
<IOConfig></IOConfig>
<Dir>out</Dir>
<Bits>1</Bits>
<Attribute>unknown</Attribute>
<CType>int</CType>
</RtlPorts>
<RtlPorts>
<name>m_axi_gmem0_ARVALID</name>
<Object>gmem0</Object>
<Type>pointer</Type>
<Scope></Scope>
<IOProtocol>m_axi</IOProtocol>
<IOConfig></IOConfig>
<Dir>out</Dir>
<Bits>1</Bits>
<Attribute>unknown</Attribute>
<CType>int</CType>
</RtlPorts>
<RtlPorts>
<name>m_axi_gmem0_ARREADY</name>
<Object>gmem0</Object>
<Type>pointer</Type>
<Scope></Scope>
<IOProtocol>m_axi</IOProtocol>
<IOConfig></IOConfig>
<Dir>in</Dir>
<Bits>1</Bits>
<Attribute>unknown</Attribute>
<CType>int</CType>
</RtlPorts>
<RtlPorts>
<name>m_axi_gmem0_ARADDR</name>
<Object>gmem0</Object>
<Type>pointer</Type>
<Scope></Scope>
<IOProtocol>m_axi</IOProtocol>
<IOConfig></IOConfig>
<Dir>out</Dir>
<Bits>32</Bits>
<Attribute>unknown</Attribute>
<CType>int</CType>
</RtlPorts>
<RtlPorts>
<name>m_axi_gmem0_ARID</name>
<Object>gmem0</Object>
<Type>pointer</Type>
<Scope></Scope>
<IOProtocol>m_axi</IOProtocol>
<IOConfig></IOConfig>
<Dir>out</Dir>
<Bits>1</Bits>
<Attribute>unknown</Attribute>
<CType>int</CType>
</RtlPorts>
<RtlPorts>
<name>m_axi_gmem0_ARLEN</name>
<Object>gmem0</Object>
<Type>pointer</Type>
<Scope></Scope>
<IOProtocol>m_axi</IOProtocol>
<IOConfig></IOConfig>
<Dir>out</Dir>
<Bits>8</Bits>
<Attribute>unknown</Attribute>
<CType>int</CType>
</RtlPorts>
<RtlPorts>
<name>m_axi_gmem0_ARSIZE</name>
<Object>gmem0</Object>
<Type>pointer</Type>
<Scope></Scope>
<IOProtocol>m_axi</IOProtocol>
<IOConfig></IOConfig>
<Dir>out</Dir>
<Bits>3</Bits>
<Attribute>unknown</Attribute>
<CType>int</CType>
</RtlPorts>
<RtlPorts>
<name>m_axi_gmem0_ARBURST</name>
<Object>gmem0</Object>
<Type>pointer</Type>
<Scope></Scope>
<IOProtocol>m_axi</IOProtocol>
<IOConfig></IOConfig>
<Dir>out</Dir>
<Bits>2</Bits>
<Attribute>unknown</Attribute>
<CType>int</CType>
</RtlPorts>
<RtlPorts>
<name>m_axi_gmem0_ARLOCK</name>
<Object>gmem0</Object>
<Type>pointer</Type>
<Scope></Scope>
<IOProtocol>m_axi</IOProtocol>
<IOConfig></IOConfig>
<Dir>out</Dir>
<Bits>2</Bits>
<Attribute>unknown</Attribute>
<CType>int</CType>
</RtlPorts>
<RtlPorts>
<name>m_axi_gmem0_ARCACHE</name>
<Object>gmem0</Object>
<Type>pointer</Type>
<Scope></Scope>
<IOProtocol>m_axi</IOProtocol>
<IOConfig></IOConfig>
<Dir>out</Dir>
<Bits>4</Bits>
<Attribute>unknown</Attribute>
<CType>int</CType>
</RtlPorts>
<RtlPorts>
<name>m_axi_gmem0_ARPROT</name>
<Object>gmem0</Object>
<Type>pointer</Type>
<Scope></Scope>
<IOProtocol>m_axi</IOProtocol>
<IOConfig></IOConfig>
<Dir>out</Dir>
<Bits>3</Bits>
<Attribute>unknown</Attribute>
<CType>int</CType>
</RtlPorts>
<RtlPorts>
<name>m_axi_gmem0_ARQOS</name>
<Object>gmem0</Object>
<Type>pointer</Type>
<Scope></Scope>
<IOProtocol>m_axi</IOProtocol>
<IOConfig></IOConfig>
<Dir>out</Dir>
<Bits>4</Bits>
<Attribute>unknown</Attribute>
<CType>int</CType>
</RtlPorts>
<RtlPorts>
<name>m_axi_gmem0_ARREGION</name>
<Object>gmem0</Object>
<Type>pointer</Type>
<Scope></Scope>
<IOProtocol>m_axi</IOProtocol>
<IOConfig></IOConfig>
<Dir>out</Dir>
<Bits>4</Bits>
<Attribute>unknown</Attribute>
<CType>int</CType>
</RtlPorts>
<RtlPorts>
<name>m_axi_gmem0_ARUSER</name>
<Object>gmem0</Object>
<Type>pointer</Type>
<Scope></Scope>
<IOProtocol>m_axi</IOProtocol>
<IOConfig></IOConfig>
<Dir>out</Dir>
<Bits>1</Bits>
<Attribute>unknown</Attribute>
<CType>int</CType>
</RtlPorts>
<RtlPorts>
<name>m_axi_gmem0_RVALID</name>
<Object>gmem0</Object>
<Type>pointer</Type>
<Scope></Scope>
<IOProtocol>m_axi</IOProtocol>
<IOConfig></IOConfig>
<Dir>in</Dir>
<Bits>1</Bits>
<Attribute>unknown</Attribute>
<CType>int</CType>
</RtlPorts>
<RtlPorts>
<name>m_axi_gmem0_RREADY</name>
<Object>gmem0</Object>
<Type>pointer</Type>
<Scope></Scope>
<IOProtocol>m_axi</IOProtocol>
<IOConfig></IOConfig>
<Dir>out</Dir>
<Bits>1</Bits>
<Attribute>unknown</Attribute>
<CType>int</CType>
</RtlPorts>
<RtlPorts>
<name>m_axi_gmem0_RDATA</name>
<Object>gmem0</Object>
<Type>pointer</Type>
<Scope></Scope>
<IOProtocol>m_axi</IOProtocol>
<IOConfig></IOConfig>
<Dir>in</Dir>
<Bits>64</Bits>
<Attribute>unknown</Attribute>
<CType>int</CType>
</RtlPorts>
<RtlPorts>
<name>m_axi_gmem0_RLAST</name>
<Object>gmem0</Object>
<Type>pointer</Type>
<Scope></Scope>
<IOProtocol>m_axi</IOProtocol>
<IOConfig></IOConfig>
<Dir>in</Dir>
<Bits>1</Bits>
<Attribute>unknown</Attribute>
<CType>int</CType>
</RtlPorts>
<RtlPorts>
<name>m_axi_gmem0_RID</name>
<Object>gmem0</Object>
<Type>pointer</Type>
<Scope></Scope>
<IOProtocol>m_axi</IOProtocol>
<IOConfig></IOConfig>
<Dir>in</Dir>
<Bits>1</Bits>
<Attribute>unknown</Attribute>
<CType>int</CType>
</RtlPorts>
<RtlPorts>
<name>m_axi_gmem0_RUSER</name>
<Object>gmem0</Object>
<Type>pointer</Type>
<Scope></Scope>
<IOProtocol>m_axi</IOProtocol>
<IOConfig></IOConfig>
<Dir>in</Dir>
<Bits>1</Bits>
<Attribute>unknown</Attribute>
<CType>int</CType>
</RtlPorts>
<RtlPorts>
<name>m_axi_gmem0_RRESP</name>
<Object>gmem0</Object>
<Type>pointer</Type>
<Scope></Scope>
<IOProtocol>m_axi</IOProtocol>
<IOConfig></IOConfig>
<Dir>in</Dir>
<Bits>2</Bits>
<Attribute>unknown</Attribute>
<CType>int</CType>
</RtlPorts>
<RtlPorts>
<name>m_axi_gmem0_BVALID</name>
<Object>gmem0</Object>
<Type>pointer</Type>
<Scope></Scope>
<IOProtocol>m_axi</IOProtocol>
<IOConfig></IOConfig>
<Dir>in</Dir>
<Bits>1</Bits>
<Attribute>unknown</Attribute>
<CType>int</CType>
</RtlPorts>
<RtlPorts>
<name>m_axi_gmem0_BREADY</name>
<Object>gmem0</Object>
<Type>pointer</Type>
<Scope></Scope>
<IOProtocol>m_axi</IOProtocol>
<IOConfig></IOConfig>
<Dir>out</Dir>
<Bits>1</Bits>
<Attribute>unknown</Attribute>
<CType>int</CType>
</RtlPorts>
<RtlPorts>
<name>m_axi_gmem0_BRESP</name>
<Object>gmem0</Object>
<Type>pointer</Type>
<Scope></Scope>
<IOProtocol>m_axi</IOProtocol>
<IOConfig></IOConfig>
<Dir>in</Dir>
<Bits>2</Bits>
<Attribute>unknown</Attribute>
<CType>int</CType>
</RtlPorts>
<RtlPorts>
<name>m_axi_gmem0_BID</name>
<Object>gmem0</Object>
<Type>pointer</Type>
<Scope></Scope>
<IOProtocol>m_axi</IOProtocol>
<IOConfig></IOConfig>
<Dir>in</Dir>
<Bits>1</Bits>
<Attribute>unknown</Attribute>
<CType>int</CType>
</RtlPorts>
<RtlPorts>
<name>m_axi_gmem0_BUSER</name>
<Object>gmem0</Object>
<Type>pointer</Type>
<Scope></Scope>
<IOProtocol>m_axi</IOProtocol>
<IOConfig></IOConfig>
<Dir>in</Dir>
<Bits>1</Bits>
<Attribute>unknown</Attribute>
<CType>int</CType>
</RtlPorts>
<RtlPorts>
<name>m_axi_gmem1_AWVALID</name>
<Object>gmem1</Object>
<Type>pointer</Type>
<Scope></Scope>
<IOProtocol>m_axi</IOProtocol>
<IOConfig></IOConfig>
<Dir>out</Dir>
<Bits>1</Bits>
<Attribute>unknown</Attribute>
<CType>int</CType>
</RtlPorts>
<RtlPorts>
<name>m_axi_gmem1_AWREADY</name>
<Object>gmem1</Object>
<Type>pointer</Type>
<Scope></Scope>
<IOProtocol>m_axi</IOProtocol>
<IOConfig></IOConfig>
<Dir>in</Dir>
<Bits>1</Bits>
<Attribute>unknown</Attribute>
<CType>int</CType>
</RtlPorts>
<RtlPorts>
<name>m_axi_gmem1_AWADDR</name>
<Object>gmem1</Object>
<Type>pointer</Type>
<Scope></Scope>
<IOProtocol>m_axi</IOProtocol>
<IOConfig></IOConfig>
<Dir>out</Dir>
<Bits>32</Bits>
<Attribute>unknown</Attribute>
<CType>int</CType>
</RtlPorts>
<RtlPorts>
<name>m_axi_gmem1_AWID</name>
<Object>gmem1</Object>
<Type>pointer</Type>
<Scope></Scope>
<IOProtocol>m_axi</IOProtocol>
<IOConfig></IOConfig>
<Dir>out</Dir>
<Bits>1</Bits>
<Attribute>unknown</Attribute>
<CType>int</CType>
</RtlPorts>
<RtlPorts>
<name>m_axi_gmem1_AWLEN</name>
<Object>gmem1</Object>
<Type>pointer</Type>
<Scope></Scope>
<IOProtocol>m_axi</IOProtocol>
<IOConfig></IOConfig>
<Dir>out</Dir>
<Bits>8</Bits>
<Attribute>unknown</Attribute>
<CType>int</CType>
</RtlPorts>
<RtlPorts>
<name>m_axi_gmem1_AWSIZE</name>
<Object>gmem1</Object>
<Type>pointer</Type>
<Scope></Scope>
<IOProtocol>m_axi</IOProtocol>
<IOConfig></IOConfig>
<Dir>out</Dir>
<Bits>3</Bits>
<Attribute>unknown</Attribute>
<CType>int</CType>
</RtlPorts>
<RtlPorts>
<name>m_axi_gmem1_AWBURST</name>
<Object>gmem1</Object>
<Type>pointer</Type>
<Scope></Scope>
<IOProtocol>m_axi</IOProtocol>
<IOConfig></IOConfig>
<Dir>out</Dir>
<Bits>2</Bits>
<Attribute>unknown</Attribute>
<CType>int</CType>
</RtlPorts>
<RtlPorts>
<name>m_axi_gmem1_AWLOCK</name>
<Object>gmem1</Object>
<Type>pointer</Type>
<Scope></Scope>
<IOProtocol>m_axi</IOProtocol>
<IOConfig></IOConfig>
<Dir>out</Dir>
<Bits>2</Bits>
<Attribute>unknown</Attribute>
<CType>int</CType>
</RtlPorts>
<RtlPorts>
<name>m_axi_gmem1_AWCACHE</name>
<Object>gmem1</Object>
<Type>pointer</Type>
<Scope></Scope>
<IOProtocol>m_axi</IOProtocol>
<IOConfig></IOConfig>
<Dir>out</Dir>
<Bits>4</Bits>
<Attribute>unknown</Attribute>
<CType>int</CType>
</RtlPorts>
<RtlPorts>
<name>m_axi_gmem1_AWPROT</name>
<Object>gmem1</Object>
<Type>pointer</Type>
<Scope></Scope>
<IOProtocol>m_axi</IOProtocol>
<IOConfig></IOConfig>
<Dir>out</Dir>
<Bits>3</Bits>
<Attribute>unknown</Attribute>
<CType>int</CType>
</RtlPorts>
<RtlPorts>
<name>m_axi_gmem1_AWQOS</name>
<Object>gmem1</Object>
<Type>pointer</Type>
<Scope></Scope>
<IOProtocol>m_axi</IOProtocol>
<IOConfig></IOConfig>
<Dir>out</Dir>
<Bits>4</Bits>
<Attribute>unknown</Attribute>
<CType>int</CType>
</RtlPorts>
<RtlPorts>
<name>m_axi_gmem1_AWREGION</name>
<Object>gmem1</Object>
<Type>pointer</Type>
<Scope></Scope>
<IOProtocol>m_axi</IOProtocol>
<IOConfig></IOConfig>
<Dir>out</Dir>
<Bits>4</Bits>
<Attribute>unknown</Attribute>
<CType>int</CType>
</RtlPorts>
<RtlPorts>
<name>m_axi_gmem1_AWUSER</name>
<Object>gmem1</Object>
<Type>pointer</Type>
<Scope></Scope>
<IOProtocol>m_axi</IOProtocol>
<IOConfig></IOConfig>
<Dir>out</Dir>
<Bits>1</Bits>
<Attribute>unknown</Attribute>
<CType>int</CType>
</RtlPorts>
<RtlPorts>
<name>m_axi_gmem1_WVALID</name>
<Object>gmem1</Object>
<Type>pointer</Type>
<Scope></Scope>
<IOProtocol>m_axi</IOProtocol>
<IOConfig></IOConfig>
<Dir>out</Dir>
<Bits>1</Bits>
<Attribute>unknown</Attribute>
<CType>int</CType>
</RtlPorts>
<RtlPorts>
<name>m_axi_gmem1_WREADY</name>
<Object>gmem1</Object>
<Type>pointer</Type>
<Scope></Scope>
<IOProtocol>m_axi</IOProtocol>
<IOConfig></IOConfig>
<Dir>in</Dir>
<Bits>1</Bits>
<Attribute>unknown</Attribute>
<CType>int</CType>
</RtlPorts>
<RtlPorts>
<name>m_axi_gmem1_WDATA</name>
<Object>gmem1</Object>
<Type>pointer</Type>
<Scope></Scope>
<IOProtocol>m_axi</IOProtocol>
<IOConfig></IOConfig>
<Dir>out</Dir>
<Bits>64</Bits>
<Attribute>unknown</Attribute>
<CType>int</CType>
</RtlPorts>
<RtlPorts>
<name>m_axi_gmem1_WSTRB</name>
<Object>gmem1</Object>
<Type>pointer</Type>
<Scope></Scope>
<IOProtocol>m_axi</IOProtocol>
<IOConfig></IOConfig>
<Dir>out</Dir>
<Bits>8</Bits>
<Attribute>unknown</Attribute>
<CType>int</CType>
</RtlPorts>
<RtlPorts>
<name>m_axi_gmem1_WLAST</name>
<Object>gmem1</Object>
<Type>pointer</Type>
<Scope></Scope>
<IOProtocol>m_axi</IOProtocol>
<IOConfig></IOConfig>
<Dir>out</Dir>
<Bits>1</Bits>
<Attribute>unknown</Attribute>
<CType>int</CType>
</RtlPorts>
<RtlPorts>
<name>m_axi_gmem1_WID</name>
<Object>gmem1</Object>
<Type>pointer</Type>
<Scope></Scope>
<IOProtocol>m_axi</IOProtocol>
<IOConfig></IOConfig>
<Dir>out</Dir>
<Bits>1</Bits>
<Attribute>unknown</Attribute>
<CType>int</CType>
</RtlPorts>
<RtlPorts>
<name>m_axi_gmem1_WUSER</name>
<Object>gmem1</Object>
<Type>pointer</Type>
<Scope></Scope>
<IOProtocol>m_axi</IOProtocol>
<IOConfig></IOConfig>
<Dir>out</Dir>
<Bits>1</Bits>
<Attribute>unknown</Attribute>
<CType>int</CType>
</RtlPorts>
<RtlPorts>
<name>m_axi_gmem1_ARVALID</name>
<Object>gmem1</Object>
<Type>pointer</Type>
<Scope></Scope>
<IOProtocol>m_axi</IOProtocol>
<IOConfig></IOConfig>
<Dir>out</Dir>
<Bits>1</Bits>
<Attribute>unknown</Attribute>
<CType>int</CType>
</RtlPorts>
<RtlPorts>
<name>m_axi_gmem1_ARREADY</name>
<Object>gmem1</Object>
<Type>pointer</Type>
<Scope></Scope>
<IOProtocol>m_axi</IOProtocol>
<IOConfig></IOConfig>
<Dir>in</Dir>
<Bits>1</Bits>
<Attribute>unknown</Attribute>
<CType>int</CType>
</RtlPorts>
<RtlPorts>
<name>m_axi_gmem1_ARADDR</name>
<Object>gmem1</Object>
<Type>pointer</Type>
<Scope></Scope>
<IOProtocol>m_axi</IOProtocol>
<IOConfig></IOConfig>
<Dir>out</Dir>
<Bits>32</Bits>
<Attribute>unknown</Attribute>
<CType>int</CType>
</RtlPorts>
<RtlPorts>
<name>m_axi_gmem1_ARID</name>
<Object>gmem1</Object>
<Type>pointer</Type>
<Scope></Scope>
<IOProtocol>m_axi</IOProtocol>
<IOConfig></IOConfig>
<Dir>out</Dir>
<Bits>1</Bits>
<Attribute>unknown</Attribute>
<CType>int</CType>
</RtlPorts>
<RtlPorts>
<name>m_axi_gmem1_ARLEN</name>
<Object>gmem1</Object>
<Type>pointer</Type>
<Scope></Scope>
<IOProtocol>m_axi</IOProtocol>
<IOConfig></IOConfig>
<Dir>out</Dir>
<Bits>8</Bits>
<Attribute>unknown</Attribute>
<CType>int</CType>
</RtlPorts>
<RtlPorts>
<name>m_axi_gmem1_ARSIZE</name>
<Object>gmem1</Object>
<Type>pointer</Type>
<Scope></Scope>
<IOProtocol>m_axi</IOProtocol>
<IOConfig></IOConfig>
<Dir>out</Dir>
<Bits>3</Bits>
<Attribute>unknown</Attribute>
<CType>int</CType>
</RtlPorts>
<RtlPorts>
<name>m_axi_gmem1_ARBURST</name>
<Object>gmem1</Object>
<Type>pointer</Type>
<Scope></Scope>
<IOProtocol>m_axi</IOProtocol>
<IOConfig></IOConfig>
<Dir>out</Dir>
<Bits>2</Bits>
<Attribute>unknown</Attribute>
<CType>int</CType>
</RtlPorts>
<RtlPorts>
<name>m_axi_gmem1_ARLOCK</name>
<Object>gmem1</Object>
<Type>pointer</Type>
<Scope></Scope>
<IOProtocol>m_axi</IOProtocol>
<IOConfig></IOConfig>
<Dir>out</Dir>
<Bits>2</Bits>
<Attribute>unknown</Attribute>
<CType>int</CType>
</RtlPorts>
<RtlPorts>
<name>m_axi_gmem1_ARCACHE</name>
<Object>gmem1</Object>
<Type>pointer</Type>
<Scope></Scope>
<IOProtocol>m_axi</IOProtocol>
<IOConfig></IOConfig>
<Dir>out</Dir>
<Bits>4</Bits>
<Attribute>unknown</Attribute>
<CType>int</CType>
</RtlPorts>
<RtlPorts>
<name>m_axi_gmem1_ARPROT</name>
<Object>gmem1</Object>
<Type>pointer</Type>
<Scope></Scope>
<IOProtocol>m_axi</IOProtocol>
<IOConfig></IOConfig>
<Dir>out</Dir>
<Bits>3</Bits>
<Attribute>unknown</Attribute>
<CType>int</CType>
</RtlPorts>
<RtlPorts>
<name>m_axi_gmem1_ARQOS</name>
<Object>gmem1</Object>
<Type>pointer</Type>
<Scope></Scope>
<IOProtocol>m_axi</IOProtocol>
<IOConfig></IOConfig>
<Dir>out</Dir>
<Bits>4</Bits>
<Attribute>unknown</Attribute>
<CType>int</CType>
</RtlPorts>
<RtlPorts>
<name>m_axi_gmem1_ARREGION</name>
<Object>gmem1</Object>
<Type>pointer</Type>
<Scope></Scope>
<IOProtocol>m_axi</IOProtocol>
<IOConfig></IOConfig>
<Dir>out</Dir>
<Bits>4</Bits>
<Attribute>unknown</Attribute>
<CType>int</CType>
</RtlPorts>
<RtlPorts>
<name>m_axi_gmem1_ARUSER</name>
<Object>gmem1</Object>
<Type>pointer</Type>
<Scope></Scope>
<IOProtocol>m_axi</IOProtocol>
<IOConfig></IOConfig>
<Dir>out</Dir>
<Bits>1</Bits>
<Attribute>unknown</Attribute>
<CType>int</CType>
</RtlPorts>
<RtlPorts>
<name>m_axi_gmem1_RVALID</name>
<Object>gmem1</Object>
<Type>pointer</Type>
<Scope></Scope>
<IOProtocol>m_axi</IOProtocol>
<IOConfig></IOConfig>
<Dir>in</Dir>
<Bits>1</Bits>
<Attribute>unknown</Attribute>
<CType>int</CType>
</RtlPorts>
<RtlPorts>
<name>m_axi_gmem1_RREADY</name>
<Object>gmem1</Object>
<Type>pointer</Type>
<Scope></Scope>
<IOProtocol>m_axi</IOProtocol>
<IOConfig></IOConfig>
<Dir>out</Dir>
<Bits>1</Bits>
<Attribute>unknown</Attribute>
<CType>int</CType>
</RtlPorts>
<RtlPorts>
<name>m_axi_gmem1_RDATA</name>
<Object>gmem1</Object>
<Type>pointer</Type>
<Scope></Scope>
<IOProtocol>m_axi</IOProtocol>
<IOConfig></IOConfig>
<Dir>in</Dir>
<Bits>64</Bits>
<Attribute>unknown</Attribute>
<CType>int</CType>
</RtlPorts>
<RtlPorts>
<name>m_axi_gmem1_RLAST</name>
<Object>gmem1</Object>
<Type>pointer</Type>
<Scope></Scope>
<IOProtocol>m_axi</IOProtocol>
<IOConfig></IOConfig>
<Dir>in</Dir>
<Bits>1</Bits>
<Attribute>unknown</Attribute>
<CType>int</CType>
</RtlPorts>
<RtlPorts>
<name>m_axi_gmem1_RID</name>
<Object>gmem1</Object>
<Type>pointer</Type>
<Scope></Scope>
<IOProtocol>m_axi</IOProtocol>
<IOConfig></IOConfig>
<Dir>in</Dir>
<Bits>1</Bits>
<Attribute>unknown</Attribute>
<CType>int</CType>
</RtlPorts>
<RtlPorts>
<name>m_axi_gmem1_RUSER</name>
<Object>gmem1</Object>
<Type>pointer</Type>
<Scope></Scope>
<IOProtocol>m_axi</IOProtocol>
<IOConfig></IOConfig>
<Dir>in</Dir>
<Bits>1</Bits>
<Attribute>unknown</Attribute>
<CType>int</CType>
</RtlPorts>
<RtlPorts>
<name>m_axi_gmem1_RRESP</name>
<Object>gmem1</Object>
<Type>pointer</Type>
<Scope></Scope>
<IOProtocol>m_axi</IOProtocol>
<IOConfig></IOConfig>
<Dir>in</Dir>
<Bits>2</Bits>
<Attribute>unknown</Attribute>
<CType>int</CType>
</RtlPorts>
<RtlPorts>
<name>m_axi_gmem1_BVALID</name>
<Object>gmem1</Object>
<Type>pointer</Type>
<Scope></Scope>
<IOProtocol>m_axi</IOProtocol>
<IOConfig></IOConfig>
<Dir>in</Dir>
<Bits>1</Bits>
<Attribute>unknown</Attribute>
<CType>int</CType>
</RtlPorts>
<RtlPorts>
<name>m_axi_gmem1_BREADY</name>
<Object>gmem1</Object>
<Type>pointer</Type>
<Scope></Scope>
<IOProtocol>m_axi</IOProtocol>
<IOConfig></IOConfig>
<Dir>out</Dir>
<Bits>1</Bits>
<Attribute>unknown</Attribute>
<CType>int</CType>
</RtlPorts>
<RtlPorts>
<name>m_axi_gmem1_BRESP</name>
<Object>gmem1</Object>
<Type>pointer</Type>
<Scope></Scope>
<IOProtocol>m_axi</IOProtocol>
<IOConfig></IOConfig>
<Dir>in</Dir>
<Bits>2</Bits>
<Attribute>unknown</Attribute>
<CType>int</CType>
</RtlPorts>
<RtlPorts>
<name>m_axi_gmem1_BID</name>
<Object>gmem1</Object>
<Type>pointer</Type>
<Scope></Scope>
<IOProtocol>m_axi</IOProtocol>
<IOConfig></IOConfig>
<Dir>in</Dir>
<Bits>1</Bits>
<Attribute>unknown</Attribute>
<CType>int</CType>
</RtlPorts>
<RtlPorts>
<name>m_axi_gmem1_BUSER</name>
<Object>gmem1</Object>
<Type>pointer</Type>
<Scope></Scope>
<IOProtocol>m_axi</IOProtocol>
<IOConfig></IOConfig>
<Dir>in</Dir>
<Bits>1</Bits>
<Attribute>unknown</Attribute>
<CType>int</CType>
</RtlPorts>
</InterfaceSummary>
</Module>
</ModuleInformation>

</profile>
