<profile>

<section name = "Vivado HLS Report for 'compute_matrices'" level="0">
<item name = "Date">Tue May 11 02:32:44 2021
</item>
<item name = "Version">2020.1 (Build 2897737 on Wed May 27 20:21:37 MDT 2020)</item>
<item name = "Project">swater_4</item>
<item name = "Solution">solution1</item>
<item name = "Product family">zynq</item>
<item name = "Target device">xc7z020-clg484-1</item>
</section>

<section name = "Performance Estimates" level="0">
<item name = "Timing">
<section name = "" level="1">
<item name = "Summary"><table name="" hasTotal="0">
<keys size="4">Clock, Target, Estimated, Uncertainty</keys>
<column name="ap_clk">10.00 ns, 8.750 ns, 1.25 ns</column>
</table>
</item>
</section>
</item>
<item name = "Latency">
<section name = "" level="1">
<item name = "Summary"><table name="" hasTotal="0">
<keys size="8">, min, max, min, max, min, max, Type</keys>
<column name="">231, 231, 2.310 us, 2.310 us, 231, 231, none</column>
</table>
</item>
<item name = "Detail">
<section name = "" level="1">
<item name = "Instance"><table name="" hasTotal="0">
<keys size="9">Instance, Module, min, max, min, max, min, max, Type</keys>
</table>
</item>
<item name = "Loop"><table name="" hasTotal="0">
<keys size="8">Loop Name, min, max, Latency, achieved, target, Count, Pipelined</keys>
<column name="- memcpy.string1.V.addr.string1_g.V">3, 3, 3, 1, 1, 2, yes</column>
<column name="- memcpy.string2.V.addr.string2_g.V">7, 7, 3, 1, 1, 6, yes</column>
<column name="- init_dep_for">33, 33, 1, 1, 1, 33, yes</column>
<column name="- num_diag_for">162, 162, 5, 1, 1, 159, yes</column>
</table>
</item>
</section>
</item>
</section>
</item>
</section>
</profile>
