<profile>

<ReportVersion>
<Version>2020.1</Version>
</ReportVersion>

<UserAssignments>
<unit>ns</unit>
<ProductFamily>zynq</ProductFamily>
<Part>xc7z020-clg400-1</Part>
<TopModelName>QuantumMonteCarloOpt5Adv</TopModelName>
<TargetClockPeriod>10.00</TargetClockPeriod>
<ClockUncertainty>1.25</ClockUncertainty>
</UserAssignments>

<PerformanceEstimates>
<PipelineType>none</PipelineType>
<SummaryOfTimingAnalysis>
<unit>ns</unit>
<EstimatedClockPeriod>8.510</EstimatedClockPeriod>
</SummaryOfTimingAnalysis>
<SummaryOfOverallLatency>
<unit>clock cycles</unit>
<Best-caseLatency>4</Best-caseLatency>
<Average-caseLatency>2860314</Average-caseLatency>
<Worst-caseLatency>9190338</Worst-caseLatency>
<Best-caseRealTimeLatency>40.000 ns</Best-caseRealTimeLatency>
<Average-caseRealTimeLatency>28.603 ms</Average-caseRealTimeLatency>
<Worst-caseRealTimeLatency>91.903 ms</Worst-caseRealTimeLatency>
<Interval-min>5</Interval-min>
<Interval-max>9190339</Interval-max>
</SummaryOfOverallLatency>
<SummaryOfLoopLatency>
<LOOP_CTRL>
<TripCount>
<range>
<min>0</min>
<max>1031</max>
</range>
</TripCount>
<Latency>
<range>
<min>0</min>
<max>9190334</max>
</range>
</Latency>
<IterationLatency>
<range>
<min>4114</min>
<max>8914</max>
</range>
</IterationLatency>
<LOOP_CTRL_GEN_LRN_1>
<TripCount>8</TripCount>
<Latency>69</Latency>
<PipelineII>1</PipelineII>
<PipelineDepth>63</PipelineDepth>
</LOOP_CTRL_GEN_LRN_1>
<LOOP_CTRL_SHIFT_JLOCAL_2>
<TripCount>64</TripCount>
<Latency>576</Latency>
<IterationLatency>9</IterationLatency>
</LOOP_CTRL_SHIFT_JLOCAL_2>
<LOOP_CTRL_SHIFT_JLOCAL_2>
<TripCount>64</TripCount>
<Latency>576</Latency>
<IterationLatency>9</IterationLatency>
</LOOP_CTRL_SHIFT_JLOCAL_2>
<LOOP_CTRL_SHIFT_JLOCAL_2>
<TripCount>64</TripCount>
<Latency>576</Latency>
<IterationLatency>9</IterationLatency>
</LOOP_CTRL_SHIFT_JLOCAL_2>
<LOOP_CTRL_SHIFT_JLOCAL_2>
<TripCount>64</TripCount>
<Latency>576</Latency>
<IterationLatency>9</IterationLatency>
</LOOP_CTRL_SHIFT_JLOCAL_2>
<LOOP_CTRL_SHIFT_JLOCAL_2>
<TripCount>64</TripCount>
<Latency>576</Latency>
<IterationLatency>9</IterationLatency>
</LOOP_CTRL_SHIFT_JLOCAL_2>
<LOOP_CTRL_SHIFT_JLOCAL_2>
<TripCount>64</TripCount>
<Latency>576</Latency>
<IterationLatency>9</IterationLatency>
</LOOP_CTRL_SHIFT_JLOCAL_2>
<LOOP_CTRL_SHIFT_JLOCAL_2>
<TripCount>64</TripCount>
<Latency>576</Latency>
<IterationLatency>9</IterationLatency>
</LOOP_CTRL_SHIFT_JLOCAL_2>
<LOOP_CTRL_2>
<TripCount>
<range>
<min>0</min>
<max>64</max>
</range>
</TripCount>
<Latency>
<range>
<min>0</min>
<max>4800</max>
</range>
</Latency>
<IterationLatency>
<range>
<min>4</min>
<max>75</max>
</range>
</IterationLatency>
</LOOP_CTRL_2>
</LOOP_CTRL>
</SummaryOfLoopLatency>
</PerformanceEstimates>

<AreaEstimates>
<Resources>
<BRAM_18K>48</BRAM_18K>
<DSP48E>149</DSP48E>
<FF>21206</FF>
<LUT>45626</LUT>
<URAM>0</URAM>
</Resources>
<AvailableResources>
<BRAM_18K>280</BRAM_18K>
<DSP48E>220</DSP48E>
<FF>106400</FF>
<LUT>53200</LUT>
<URAM>0</URAM>
</AvailableResources>
</AreaEstimates>

<InterfaceSummary>
<RtlPorts>
<name>s_axi_AXILiteS_AWVALID</name>
<Object>AXILiteS</Object>
<Type>scalar</Type>
<Scope></Scope>
<IOProtocol>s_axi</IOProtocol>
<IOConfig></IOConfig>
<Dir>in</Dir>
<Bits>1</Bits>
<Attribute>unknown</Attribute>
<CType>float</CType>
<HasCtrl>1</HasCtrl>
</RtlPorts>
<RtlPorts>
<name>s_axi_AXILiteS_AWREADY</name>
<Object>AXILiteS</Object>
<Type>scalar</Type>
<Scope></Scope>
<IOProtocol>s_axi</IOProtocol>
<IOConfig></IOConfig>
<Dir>out</Dir>
<Bits>1</Bits>
<Attribute>unknown</Attribute>
<CType>float</CType>
<HasCtrl>1</HasCtrl>
</RtlPorts>
<RtlPorts>
<name>s_axi_AXILiteS_AWADDR</name>
<Object>AXILiteS</Object>
<Type>scalar</Type>
<Scope></Scope>
<IOProtocol>s_axi</IOProtocol>
<IOConfig></IOConfig>
<Dir>in</Dir>
<Bits>16</Bits>
<Attribute>unknown</Attribute>
<CType>float</CType>
<HasCtrl>1</HasCtrl>
</RtlPorts>
<RtlPorts>
<name>s_axi_AXILiteS_WVALID</name>
<Object>AXILiteS</Object>
<Type>scalar</Type>
<Scope></Scope>
<IOProtocol>s_axi</IOProtocol>
<IOConfig></IOConfig>
<Dir>in</Dir>
<Bits>1</Bits>
<Attribute>unknown</Attribute>
<CType>float</CType>
<HasCtrl>1</HasCtrl>
</RtlPorts>
<RtlPorts>
<name>s_axi_AXILiteS_WREADY</name>
<Object>AXILiteS</Object>
<Type>scalar</Type>
<Scope></Scope>
<IOProtocol>s_axi</IOProtocol>
<IOConfig></IOConfig>
<Dir>out</Dir>
<Bits>1</Bits>
<Attribute>unknown</Attribute>
<CType>float</CType>
<HasCtrl>1</HasCtrl>
</RtlPorts>
<RtlPorts>
<name>s_axi_AXILiteS_WDATA</name>
<Object>AXILiteS</Object>
<Type>scalar</Type>
<Scope></Scope>
<IOProtocol>s_axi</IOProtocol>
<IOConfig></IOConfig>
<Dir>in</Dir>
<Bits>32</Bits>
<Attribute>unknown</Attribute>
<CType>float</CType>
<HasCtrl>1</HasCtrl>
</RtlPorts>
<RtlPorts>
<name>s_axi_AXILiteS_WSTRB</name>
<Object>AXILiteS</Object>
<Type>scalar</Type>
<Scope></Scope>
<IOProtocol>s_axi</IOProtocol>
<IOConfig></IOConfig>
<Dir>in</Dir>
<Bits>4</Bits>
<Attribute>unknown</Attribute>
<CType>float</CType>
<HasCtrl>1</HasCtrl>
</RtlPorts>
<RtlPorts>
<name>s_axi_AXILiteS_ARVALID</name>
<Object>AXILiteS</Object>
<Type>scalar</Type>
<Scope></Scope>
<IOProtocol>s_axi</IOProtocol>
<IOConfig></IOConfig>
<Dir>in</Dir>
<Bits>1</Bits>
<Attribute>unknown</Attribute>
<CType>float</CType>
<HasCtrl>1</HasCtrl>
</RtlPorts>
<RtlPorts>
<name>s_axi_AXILiteS_ARREADY</name>
<Object>AXILiteS</Object>
<Type>scalar</Type>
<Scope></Scope>
<IOProtocol>s_axi</IOProtocol>
<IOConfig></IOConfig>
<Dir>out</Dir>
<Bits>1</Bits>
<Attribute>unknown</Attribute>
<CType>float</CType>
<HasCtrl>1</HasCtrl>
</RtlPorts>
<RtlPorts>
<name>s_axi_AXILiteS_ARADDR</name>
<Object>AXILiteS</Object>
<Type>scalar</Type>
<Scope></Scope>
<IOProtocol>s_axi</IOProtocol>
<IOConfig></IOConfig>
<Dir>in</Dir>
<Bits>16</Bits>
<Attribute>unknown</Attribute>
<CType>float</CType>
<HasCtrl>1</HasCtrl>
</RtlPorts>
<RtlPorts>
<name>s_axi_AXILiteS_RVALID</name>
<Object>AXILiteS</Object>
<Type>scalar</Type>
<Scope></Scope>
<IOProtocol>s_axi</IOProtocol>
<IOConfig></IOConfig>
<Dir>out</Dir>
<Bits>1</Bits>
<Attribute>unknown</Attribute>
<CType>float</CType>
<HasCtrl>1</HasCtrl>
</RtlPorts>
<RtlPorts>
<name>s_axi_AXILiteS_RREADY</name>
<Object>AXILiteS</Object>
<Type>scalar</Type>
<Scope></Scope>
<IOProtocol>s_axi</IOProtocol>
<IOConfig></IOConfig>
<Dir>in</Dir>
<Bits>1</Bits>
<Attribute>unknown</Attribute>
<CType>float</CType>
<HasCtrl>1</HasCtrl>
</RtlPorts>
<RtlPorts>
<name>s_axi_AXILiteS_RDATA</name>
<Object>AXILiteS</Object>
<Type>scalar</Type>
<Scope></Scope>
<IOProtocol>s_axi</IOProtocol>
<IOConfig></IOConfig>
<Dir>out</Dir>
<Bits>32</Bits>
<Attribute>unknown</Attribute>
<CType>float</CType>
<HasCtrl>1</HasCtrl>
</RtlPorts>
<RtlPorts>
<name>s_axi_AXILiteS_RRESP</name>
<Object>AXILiteS</Object>
<Type>scalar</Type>
<Scope></Scope>
<IOProtocol>s_axi</IOProtocol>
<IOConfig></IOConfig>
<Dir>out</Dir>
<Bits>2</Bits>
<Attribute>unknown</Attribute>
<CType>float</CType>
<HasCtrl>1</HasCtrl>
</RtlPorts>
<RtlPorts>
<name>s_axi_AXILiteS_BVALID</name>
<Object>AXILiteS</Object>
<Type>scalar</Type>
<Scope></Scope>
<IOProtocol>s_axi</IOProtocol>
<IOConfig></IOConfig>
<Dir>out</Dir>
<Bits>1</Bits>
<Attribute>unknown</Attribute>
<CType>float</CType>
<HasCtrl>1</HasCtrl>
</RtlPorts>
<RtlPorts>
<name>s_axi_AXILiteS_BREADY</name>
<Object>AXILiteS</Object>
<Type>scalar</Type>
<Scope></Scope>
<IOProtocol>s_axi</IOProtocol>
<IOConfig></IOConfig>
<Dir>in</Dir>
<Bits>1</Bits>
<Attribute>unknown</Attribute>
<CType>float</CType>
<HasCtrl>1</HasCtrl>
</RtlPorts>
<RtlPorts>
<name>s_axi_AXILiteS_BRESP</name>
<Object>AXILiteS</Object>
<Type>scalar</Type>
<Scope></Scope>
<IOProtocol>s_axi</IOProtocol>
<IOConfig></IOConfig>
<Dir>out</Dir>
<Bits>2</Bits>
<Attribute>unknown</Attribute>
<CType>float</CType>
<HasCtrl>1</HasCtrl>
</RtlPorts>
<RtlPorts>
<name>ap_clk</name>
<Object>QuantumMonteCarloOpt5Adv</Object>
<Type>return value</Type>
<Scope></Scope>
<IOProtocol>ap_ctrl_hs</IOProtocol>
<IOConfig></IOConfig>
<Dir>in</Dir>
<Bits>1</Bits>
<Attribute>control</Attribute>
</RtlPorts>
<RtlPorts>
<name>ap_rst_n</name>
<Object>QuantumMonteCarloOpt5Adv</Object>
<Type>return value</Type>
<Scope></Scope>
<IOProtocol>ap_ctrl_hs</IOProtocol>
<IOConfig></IOConfig>
<Dir>in</Dir>
<Bits>1</Bits>
<Attribute>control</Attribute>
</RtlPorts>
<RtlPorts>
<name>interrupt</name>
<Object>QuantumMonteCarloOpt5Adv</Object>
<Type>return value</Type>
<Scope></Scope>
<IOProtocol>ap_ctrl_hs</IOProtocol>
<IOConfig></IOConfig>
<Dir>out</Dir>
<Bits>1</Bits>
<Attribute>unknown</Attribute>
</RtlPorts>
<RtlPorts>
<name>Jcoup_V_TDATA</name>
<Object>Jcoup_V</Object>
<Type>pointer</Type>
<Scope></Scope>
<IOProtocol>axis</IOProtocol>
<IOConfig>register, both mode</IOConfig>
<Dir>in</Dir>
<Bits>32</Bits>
<Attribute>data</Attribute>
<CType>float</CType>
</RtlPorts>
<RtlPorts>
<name>Jcoup_V_TVALID</name>
<Object>Jcoup_V</Object>
<Type>pointer</Type>
<Scope></Scope>
<IOProtocol>axis</IOProtocol>
<IOConfig>register, both mode</IOConfig>
<Dir>in</Dir>
<Bits>1</Bits>
<Attribute>control</Attribute>
<CType>float</CType>
</RtlPorts>
<RtlPorts>
<name>Jcoup_V_TREADY</name>
<Object>Jcoup_V</Object>
<Type>pointer</Type>
<Scope></Scope>
<IOProtocol>axis</IOProtocol>
<IOConfig>register, both mode</IOConfig>
<Dir>out</Dir>
<Bits>1</Bits>
<Attribute>control</Attribute>
<CType>float</CType>
</RtlPorts>
</InterfaceSummary>

</profile>
